epoch,loss,val_loss,lr,learning_rate
1,1.045449137687683,1.140878677368164,0.0010000000474974513,0.0010000000474974513
2,1.0044933557510376,1.143932819366455,0.0010000000474974513,0.0010000000474974513
3,1.009427785873413,1.124708890914917,0.0010000000474974513,0.0010000000474974513
4,1.005340814590454,1.1285808086395264,0.0010000000474974513,0.0010000000474974513
5,0.9951983690261841,1.1264759302139282,0.0010000000474974513,0.0010000000474974513
6,0.9993852972984314,1.1352111101150513,0.0010000000474974513,0.0010000000474974513
7,0.9939384460449219,1.1366664171218872,0.0010000000474974513,0.0010000000474974513
8,0.9896789193153381,1.1355106830596924,0.0010000000474974513,0.0010000000474974513
9,0.9852041602134705,1.1316033601760864,0.0005000000237487257,0.0005000000237487257
10,0.9763988256454468,1.1282881498336792,0.0005000000237487257,0.0005000000237487257
11,0.9783646464347839,1.1334139108657837,0.0005000000237487257,0.0005000000237487257
12,0.9810640811920166,1.133551836013794,0.0005000000237487257,0.0005000000237487257
13,0.9844975471496582,1.137784481048584,0.0005000000237487257,0.0005000000237487257
14,0.9822324514389038,1.1302857398986816,0.0002500000118743628,0.0002500000118743628
15,0.9724465608596802,1.128355860710144,0.0002500000118743628,0.0002500000118743628
16,0.975035548210144,1.129619836807251,0.0002500000118743628,0.0002500000118743628
17,0.971699059009552,1.1351169347763062,0.0002500000118743628,0.0002500000118743628
18,0.978691041469574,1.1369115114212036,0.0002500000118743628,0.0002500000118743628
19,0.9701987504959106,1.1345664262771606,0.0001250000059371814,0.0001250000059371814
20,0.9772631525993347,1.1342182159423828,0.0001250000059371814,0.0001250000059371814
21,0.9748595356941223,1.1354068517684937,0.0001250000059371814,0.0001250000059371814
22,0.9737623333930969,1.1375987529754639,0.0001250000059371814,0.0001250000059371814
23,0.9631130695343018,1.137202262878418,0.0001250000059371814,0.0001250000059371814
24,0.9647838473320007,1.1361099481582642,6.25000029685907e-05,6.25000029685907e-05
25,0.9723578095436096,1.1381281614303589,6.25000029685907e-05,6.25000029685907e-05
26,0.9575658440589905,1.1389588117599487,6.25000029685907e-05,6.25000029685907e-05
27,0.9654747247695923,1.139014720916748,6.25000029685907e-05,6.25000029685907e-05
28,0.9694884419441223,1.1391901969909668,6.25000029685907e-05,6.25000029685907e-05
29,0.9659262299537659,1.1396564245224,3.125000148429535e-05,3.125000148429535e-05
30,0.9629245400428772,1.140077829360962,3.125000148429535e-05,3.125000148429535e-05
