epoch,loss,val_loss,lr
1,0.9994973618284689,1.1169768307807002,0.001
2,0.9964082195593581,1.119279980271181,0.001
3,0.9904898238714663,1.1153448726921207,0.001
4,0.9917718384565803,1.1144187174713185,0.001
5,0.9932194903732535,1.1159322626815944,0.001
6,0.9927252001822322,1.1176948473585544,0.001
7,0.9890710546453301,1.118268084836705,0.001
8,0.9903601200759423,1.1176952698331701,0.001
9,0.9890797164297968,1.1158476167082398,0.001
10,0.9904221648442486,1.1204617504964822,0.001
11,0.9859200948286319,1.1190135886692456,0.0005
12,0.9866323710949825,1.120451104369148,0.0005
13,0.984713855611436,1.1207723846652997,0.0005
14,0.9822401065411986,1.1214626821710543,0.0005
15,0.9811639318228641,1.1237880418665633,0.0005
16,0.9827926797292249,1.1233871918936118,0.0005
17,0.9805755282634876,1.121651806738167,0.00025
18,0.9834259836537372,1.1224284948665855,0.00025
19,0.9794618537827322,1.123741663240066,0.00025
20,0.9782587862411488,1.1250718300039684,0.00025
21,0.9780295622729731,1.1224815930916354,0.00025
22,0.9790030134663231,1.1241658289191778,0.00025
23,0.9780327477426993,1.1251512622211965,0.000125
24,0.9760538949522156,1.1254942009425708,0.000125
25,0.9771983204616104,1.1268939137070497,0.000125
26,0.9737788432761314,1.1279923411068,0.000125
27,0.9794823025949807,1.127918624722608,0.000125
28,0.9773423248921299,1.127749108724563,0.000125
29,0.9740105614038826,1.1283862353924432,6.25e-05
30,0.9762559816856965,1.128467305475415,6.25e-05
